[
    {
        "month": 1,
        "boy_weight_min": 3.6,
        "boy_weight_max": 5,
        "girl_weight_min": 2.7,
        "girl_weight_max": 3.6,
        "boy_height_min": 48.2,
        "boy_height_max": 52.8,
        "girl_height_min": 47.7,
        "girl_height_max": 52
    },
    {
        "month": 2,
        "boy_weight_min": 4.3,
        "boy_weight_max": 6,
        "girl_weight_min": 3.4,
        "girl_weight_max": 4.5,
        "boy_height_min": 52.1,
        "boy_height_max": 57,
        "girl_height_min": 51.2,
        "girl_height_max": 55.8
    },
    {
        "month": 3,
        "boy_weight_min": 5,
        "boy_weight_max": 6.9,
        "girl_weight_min": 4,
        "girl_weight_max": 5.4,
        "boy_height_min": 55.5,
        "boy_height_max": 60.7,
        "girl_height_min": 54.4,
        "girl_height_max": 59.2
    },
    {
        "month": 4,
        "boy_weight_min": 5.7,
        "boy_weight_max": 7.6,
        "girl_weight_min": 4.7,
        "girl_weight_max": 6.2,
        "boy_height_min": 58.5,
        "boy_height_max": 63.7,
        "girl_height_min": 57.1,
        "girl_height_max": 59.5
    },
    {
        "month": 5,
        "boy_weight_min": 6.3,
        "boy_weight_max": 8.2,
        "girl_weight_min": 5.3,
        "girl_weight_max": 6.9,
        "boy_height_min": 61,
        "boy_height_max": 66.4,
        "girl_height_min": 59.4,
        "girl_height_max": 64.5
    },
    {
        "month": 6,
        "boy_weight_min": 6.9,
        "boy_weight_max": 8.8,
        "girl_weight_min": 6.3,
        "girl_weight_max": 8.1,
        "boy_height_min": 65.1,
        "boy_height_max": 70.5,
        "girl_height_min": 63.3,
        "girl_height_max": 68.6
    },
    {
        "month": 8,
        "boy_weight_min": 7.8,
        "boy_weight_max": 9.8,
        "girl_weight_min": 7.2,
        "girl_weight_max": 9.1,
        "boy_height_min": 68.3,
        "boy_height_max": 73.6,
        "girl_height_min": 66.4,
        "girl_height_max": 71.8
    },
    {
        "month": 10,
        "boy_weight_min": 8.6,
        "boy_weight_max": 10.6,
        "girl_weight_min": 7.9,
        "girl_weight_max": 9.9,
        "boy_height_min": 71,
        "boy_height_max": 76.3,
        "girl_height_min": 69,
        "girl_height_max": 74.5
    },
    {
        "month": 12,
        "boy_weight_min": 9.1,
        "boy_weight_max": 11.3,
        "girl_weight_min": 8.5,
        "girl_weight_max": 10.6,
        "boy_height_min": 73.4,
        "boy_height_max": 78.8,
        "girl_height_min": 71.5,
        "girl_height_max": 77.1
    },
    {
        "month": 15,
        "boy_weight_min": 9.8,
        "boy_weight_max": 12,
        "girl_weight_min": 9.1,
        "girl_weight_max": 11.3,
        "boy_height_min": 76.6,
        "boy_height_max": 82.3,
        "girl_height_min": 74.8,
        "girl_height_max": 80.7
    },
    {
        "month": 18,
        "boy_weight_min": 10.3,
        "boy_weight_max": 12.7,
        "girl_weight_min": 9.7,
        "girl_weight_max": 12,
        "boy_height_min": 79.4,
        "boy_height_max": 85.4,
        "girl_height_min": 77.9,
        "girl_height_max": 84
    },
    {
        "month": 21,
        "boy_weight_min": 10.8,
        "boy_weight_max": 13.3,
        "girl_weight_min": 10.2,
        "girl_weight_max": 12.6,
        "boy_height_min": 81.9,
        "boy_height_max": 88.4,
        "girl_height_min": 80.6,
        "girl_height_max": 87
    },
    {
        "month": 24,
        "boy_weight_min": 11.2,
        "boy_weight_max": 14,
        "girl_weight_min": 10.6,
        "girl_weight_max": 13.2,
        "boy_height_min": 84.3,
        "boy_height_max": 91,
        "girl_height_min": 83.3,
        "girl_height_max": 89.8
    },
    {
        "month": 30,
        "boy_weight_min": 12.1,
        "boy_weight_max": 15.3,
        "girl_weight_min": 11.7,
        "girl_weight_max": 14.7,
        "boy_height_min": 88.9,
        "boy_height_max": 95.8,
        "girl_height_min": 87.9,
        "girl_height_max": 94.7
    },
    {
        "month": 36,
        "boy_weight_min": 13,
        "boy_weight_max": 16.4,
        "girl_weight_min": 12.6,
        "girl_weight_max": 16.1,
        "boy_height_min": 91.1,
        "boy_height_max": 98.7,
        "girl_height_min": 90.2,
        "girl_height_max": 98.1
    },
    {
        "month": 42,
        "boy_weight_min": 13.9,
        "boy_weight_max": 17.6,
        "girl_weight_min": 13.5,
        "girl_weight_max": 17.2,
        "boy_height_min": 95,
        "boy_height_max": 103.1,
        "girl_height_min": 94,
        "girl_height_max": 101.8
    },
    {
        "month": 48,
        "boy_weight_min": 14.8,
        "boy_weight_max": 18.7,
        "girl_weight_min": 14.3,
        "girl_weight_max": 18.3,
        "boy_height_min": 98.7,
        "boy_height_max": 107.2,
        "girl_height_min": 97.6,
        "girl_height_max": 105.7
    },
    {
        "month": 54,
        "boy_weight_min": 15.7,
        "boy_weight_max": 19.9,
        "girl_weight_min": 15,
        "girl_weight_max": 19.4,
        "boy_height_min": 102.1,
        "boy_height_max": 111.8,
        "girl_height_min": 100.9,
        "girl_height_max": 109.3
    },
    {
        "month": 60,
        "boy_weight_min": 16.6,
        "boy_weight_max": 21.1,
        "girl_weight_min": 15.7,
        "girl_weight_max": 20.4,
        "boy_height_min": 102.3,
        "boy_height_max": 114.5,
        "girl_height_min": 104,
        "girl_height_max": 112.8
    },
    {
        "month": 66,
        "boy_weight_min": 17.4,
        "boy_weight_max": 22.3,
        "girl_weight_min": 16.5,
        "girl_weight_max": 21.6,
        "boy_height_min": 108.4,
        "boy_height_max": 117.8,
        "girl_height_min": 106.9,
        "girl_height_max": 116.2
    },
    {
        "month": 72,
        "boy_weight_min": 18.4,
        "boy_weight_max": 23.6,
        "girl_weight_min": 17.3,
        "girl_weight_max": 22.9,
        "boy_height_min": 111.2,
        "boy_height_max": 121,
        "girl_height_min": 109.7,
        "girl_height_max": 119.6
    },
    {
        "month": 84,
        "boy_weight_min": 20.2,
        "boy_weight_max": 26.5,
        "girl_weight_min": 19.1,
        "girl_weight_max": 26,
        "boy_height_min": 116.6,
        "boy_height_max": 126.8,
        "girl_height_min": 115.1,
        "girl_height_max": 126.2
    },
    {
        "month": 96,
        "boy_weight_min": 22.2,
        "boy_weight_max": 30,
        "girl_weight_min": 21.4,
        "girl_weight_max": 30.2,
        "boy_height_min": 121.6,
        "boy_height_max": 132.2,
        "girl_height_min": 120.4,
        "girl_height_max": 132.4
    },
    {
        "month": 108,
        "boy_weight_min": 24.3,
        "boy_weight_max": 34,
        "girl_weight_min": 24.1,
        "girl_weight_max": 35.3,
        "boy_height_min": 126.5,
        "boy_height_max": 137.8,
        "girl_height_min": 125.7,
        "girl_height_max": 138.7
    },
    {
        "month": 120,
        "boy_weight_min": 26.8,
        "boy_weight_max": 38.7,
        "girl_weight_min": 27.2,
        "girl_weight_max": 40.9,
        "boy_height_min": 131.4,
        "boy_height_max": 143.6,
        "girl_height_min": 131.5,
        "girl_height_max": 145.1
    }
]